2026-06-09 10:40:00,16.350,16.380,16.270,16.280
2026-06-09 10:50:00,16.280,16.290,16.230,16.240
2026-06-09 11:00:00,16.250,16.270,16.200,16.260
2026-06-09 11:10:00,16.250,16.290,16.230,16.250
2026-06-09 11:20:00,16.260,16.280,16.180,16.200
2026-06-09 11:30:00,16.200,16.240,16.170,16.230
2026-06-09 13:10:00,16.240,16.280,16.140,16.140
2026-06-09 13:20:00,16.130,16.150,16.110,16.120
2026-06-09 13:30:00,16.110,16.190,16.110,16.130
2026-06-09 13:40:00,16.130,16.270,16.130,16.220
2026-06-09 13:50:00,16.220,16.220,16.160,16.200
2026-06-09 14:00:00,16.200,16.200,16.130,16.130
2026-06-09 14:10:00,16.130,16.190,16.130,16.180
2026-06-09 14:20:00,16.180,16.200,16.160,16.190
2026-06-09 14:30:00,16.190,16.240,16.150,16.230
2026-06-09 14:40:00,16.240,16.250,16.200,16.200
2026-06-09 14:50:00,16.200,16.220,16.190,16.200
2026-06-09 15:00:00,16.200,16.220,16.190,16.210
2026-06-10 09:40:00,16.100,16.270,16.020,16.240
2026-06-10 09:50:00,16.240,16.440,16.230,16.410
2026-06-10 10:00:00,16.410,16.440,16.370,16.400
2026-06-10 10:10:00,16.400,16.400,16.300,16.300
2026-06-10 10:20:00,16.300,16.340,16.220,16.220
2026-06-10 10:30:00,16.220,16.300,16.210,16.270
2026-06-10 10:40:00,16.290,16.310,16.200,16.200
2026-06-10 10:50:00,16.200,16.230,16.160,16.170
2026-06-10 11:00:00,16.160,16.200,16.140,16.170
2026-06-10 11:10:00,16.170,16.170,16.070,16.080
2026-06-10 11:20:00,16.080,16.110,16.050,16.080
2026-06-10 11:30:00,16.080,16.100,16.060,16.090
2026-06-10 13:10:00,16.100,16.100,16.020,16.020
2026-06-10 13:20:00,16.030,16.050,16.010,16.020
2026-06-10 13:30:00,16.020,16.080,16.000,16.070
2026-06-10 13:40:00,16.080,16.150,16.050,16.120
2026-06-10 13:50:00,16.120,16.150,16.070,16.090
2026-06-10 14:00:00,16.090,16.160,16.060,16.160
2026-06-10 14:10:00,16.160,16.160,16.070,16.100
2026-06-10 14:20:00,16.090,16.120,16.080,16.110
2026-06-10 14:30:00,16.110,16.140,16.060,16.100
2026-06-10 14:40:00,16.090,16.110,16.070,16.110
2026-06-10 14:50:00,16.100,16.120,16.060,16.100
2026-06-10 15:00:00,16.100,16.150,16.080,16.150
2026-06-11 09:40:00,16.010,16.030,15.700,15.730
2026-06-11 09:50:00,15.740,15.910,15.700,15.890
2026-06-11 10:00:00,15.880,15.880,15.780,15.810
2026-06-11 10:10:00,15.820,15.830,15.670,15.680
2026-06-11 10:20:00,15.690,15.710,15.590,15.620
2026-06-11 10:30:00,15.620,15.650,15.600,15.640
2026-06-11 10:40:00,15.640,15.680,15.630,15.630
2026-06-11 10:50:00,15.630,15.650,15.610,15.640
2026-06-11 11:00:00,15.650,15.660,15.600,15.640
2026-06-11 11:10:00,15.640,15.640,15.590,15.630
2026-06-11 11:20:00,15.620,15.640,15.590,15.620
2026-06-11 11:30:00,15.620,15.640,15.580,15.620
2026-06-11 13:10:00,15.620,15.720,15.620,15.720
2026-06-11 13:20:00,15.720,15.750,15.690,15.720
2026-06-11 13:30:00,15.720,15.740,15.690,15.690
2026-06-11 13:40:00,15.690,15.720,15.660,15.700
2026-06-11 13:50:00,15.700,15.750,15.670,15.750
2026-06-11 14:00:00,15.730,15.750,15.690,15.700
2026-06-11 14:10:00,15.710,15.720,15.640,15.650
2026-06-11 14:20:00,15.650,15.680,15.610,15.650
2026-06-11 14:30:00,15.650,15.680,15.630,15.670
2026-06-11 14:40:00,15.670,15.690,15.630,15.660
2026-06-11 14:50:00,15.670,15.710,15.640,15.690
2026-06-11 15:00:00,15.690,15.700,15.660,15.680
2026-06-12 09:40:00,15.870,15.880,15.640,15.700
2026-06-12 09:50:00,15.710,15.710,15.530,15.530
2026-06-12 10:00:00,15.530,15.670,15.510,15.650
2026-06-12 10:10:00,15.650,15.850,15.640,15.820
2026-06-12 10:20:00,15.810,15.860,15.780,15.780
2026-06-12 10:30:00,15.790,15.790,15.720,15.730
2026-06-12 10:40:00,15.720,15.770,15.720,15.720
2026-06-12 10:50:00,15.720,15.800,15.720,15.780
2026-06-12 11:00:00,15.780,15.850,15.780,15.850
2026-06-12 11:10:00,15.850,15.920,15.840,15.910
2026-06-12 11:20:00,15.910,15.940,15.890,15.910
2026-06-12 11:30:00,15.910,15.950,15.890,15.940
2026-06-12 13:10:00,15.950,16.030,15.880,15.880
2026-06-12 13:20:00,15.880,15.950,15.870,15.910
2026-06-12 13:30:00,15.910,15.970,15.900,15.920
2026-06-12 13:40:00,15.920,15.950,15.890,15.920
2026-06-12 13:50:00,15.930,15.930,15.860,15.870
2026-06-12 14:00:00,15.870,15.910,15.800,15.820
2026-06-12 14:10:00,15.830,15.830,15.800,15.830
2026-06-12 14:20:00,15.820,15.880,15.820,15.880
2026-06-12 14:30:00,15.880,15.890,15.830,15.840
2026-06-12 14:40:00,15.850,15.870,15.830,15.840
2026-06-12 14:50:00,15.850,15.880,15.830,15.880
2026-06-12 15:00:00,15.880,15.950,15.860,15.950
2026-06-15 09:40:00,15.970,16.210,15.930,16.200
2026-06-15 09:50:00,16.210,16.230,16.140,16.180
2026-06-15 10:00:00,16.180,16.210,16.110,16.110
2026-06-15 10:10:00,16.120,16.230,16.080,16.110
2026-06-15 10:20:00,16.110,16.110,15.970,15.990
2026-06-15 10:30:00,15.990,16.030,15.950,15.990
2026-06-15 10:40:00,15.990,16.000,15.930,15.980
2026-06-15 10:50:00,15.970,16.010,15.940,15.950
2026-06-15 11:00:00,15.940,15.960,15.920,15.960
2026-06-15 11:10:00,15.960,16.000,15.950,15.990
2026-06-15 11:20:00,15.990,16.000,15.950,15.950
2026-06-15 11:30:00,15.950,15.970,15.930,15.950
2026-06-15 13:10:00,15.950,15.970,15.920,15.950
2026-06-15 13:20:00,15.950,15.960,15.900,15.930
2026-06-15 13:30:00,15.930,16.020,15.930,15.990
2026-06-15 13:40:00,16.000,16.010,15.990,16.010
2026-06-15 13:50:00,16.010,16.040,16.000,16.000
2026-06-15 14:00:00,16.000,16.000,15.960,15.970
2026-06-15 14:10:00,15.970,16.050,15.970,16.020
2026-06-15 14:20:00,16.010,16.030,16.000,16.030
2026-06-15 14:30:00,16.030,16.050,16.020,16.030
2026-06-15 14:40:00,16.030,16.100,16.030,16.080
2026-06-15 14:50:00,16.080,16.120,16.070,16.110
2026-06-15 15:00:00,16.110,16.160,16.100,16.150
2026-06-16 09:40:00,16.150,16.160,15.800,15.850
2026-06-16 09:50:00,15.860,15.910,15.830,15.880
2026-06-16 10:00:00,15.880,15.890,15.800,15.820
2026-06-16 10:10:00,15.810,15.850,15.770,15.810
2026-06-16 10:20:00,15.830,15.870,15.770,15.800
2026-06-16 10:30:00,15.810,15.850,15.780,15.840
2026-06-16 10:40:00,15.850,15.900,15.830,15.890
2026-06-16 10:50:00,15.890,15.920,15.870,15.900
2026-06-16 11:00:00,15.900,15.930,15.870,15.890
2026-06-16 11:10:00,15.880,15.920,15.880,15.890
2026-06-16 11:20:00,15.890,15.940,15.890,15.920
2026-06-16 11:30:00,15.930,15.940,15.880,15.880
2026-06-16 13:10:00,15.890,15.950,15.850,15.930
2026-06-16 13:20:00,15.940,15.940,15.850,15.850
2026-06-16 13:30:00,15.860,15.910,15.850,15.870
2026-06-16 13:40:00,15.870,15.880,15.830,15.850
2026-06-16 13:50:00,15.860,15.880,15.810,15.850
2026-06-16 14:00:00,15.850,15.880,15.840,15.860
2026-06-16 14:10:00,15.870,15.870,15.830,15.850
2026-06-16 14:20:00,15.850,15.900,15.840,15.900
2026-06-16 14:30:00,15.900,15.920,15.860,15.880
2026-06-16 14:40:00,15.880,15.900,15.860,15.870
2026-06-16 14:50:00,15.870,15.910,15.860,15.910
2026-06-16 15:00:00,15.900,15.910,15.880,15.890
2026-06-17 09:40:00,15.860,15.860,15.620,15.690
2026-06-17 09:50:00,15.690,15.760,15.640,15.700
2026-06-17 10:00:00,15.710,15.720,15.650,15.680
2026-06-17 10:10:00,15.670,15.690,15.640,15.660
2026-06-17 10:20:00,15.660,15.670,15.610,15.630
2026-06-17 10:30:00,15.640,15.650,15.540,15.550
2026-06-17 10:40:00,15.560,15.590,15.530,15.550
2026-06-17 10:50:00,15.550,15.560,15.510,15.530
2026-06-17 11:00:00,15.530,15.560,15.510,15.540
2026-06-17 11:10:00,15.550,15.550,15.500,15.510
2026-06-17 11:20:00,15.500,15.550,15.490,15.530
2026-06-17 11:30:00,15.530,15.560,15.530,15.540
2026-06-17 13:10:00,15.550,15.550,15.500,15.520
2026-06-17 13:20:00,15.510,15.580,15.480,15.560
2026-06-17 13:30:00,15.550,15.610,15.520,15.530
2026-06-17 13:40:00,15.530,15.550,15.510,15.530
2026-06-17 13:50:00,15.530,15.550,15.500,15.500
2026-06-17 14:00:00,15.500,15.520,15.470,15.490
2026-06-17 14:10:00,15.490,15.570,15.490,15.540
2026-06-17 14:20:00,15.540,15.560,15.520,15.550
2026-06-17 14:30:00,15.550,15.570,15.540,15.550
2026-06-17 14:40:00,15.550,15.590,15.550,15.560
2026-06-17 14:50:00,15.560,15.630,15.550,15.610
2026-06-17 15:00:00,15.620,15.640,15.570,15.610
2026-06-18 09:40:00,15.580,15.700,15.440,15.520
2026-06-18 09:50:00,15.520,15.660,15.510,15.610
2026-06-18 10:00:00,15.610,15.740,15.610,15.730
2026-06-18 10:10:00,15.720,15.800,15.710,15.780
2026-06-18 10:20:00,15.770,15.780,15.710,15.760
2026-06-18 10:30:00,15.770,15.830,15.750,15.770
2026-06-18 10:40:00,15.770,15.780,15.680,15.680
2026-06-18 10:50:00,15.680,15.720,15.670,15.670
2026-06-18 11:00:00,15.670,15.700,15.630,15.650
2026-06-18 11:10:00,15.650,15.660,15.580,15.610
2026-06-18 11:20:00,15.600,15.610,15.530,15.530
2026-06-18 11:30:00,15.540,15.580,15.530,15.550
2026-06-18 13:10:00,15.550,15.560,15.490,15.520
2026-06-18 13:20:00,15.520,15.590,15.510,15.580
2026-06-18 13:30:00,15.570,15.600,15.530,15.580
2026-06-18 13:40:00,15.580,15.590,15.510,15.520
2026-06-18 13:50:00,15.510,15.550,15.490,15.490
2026-06-18 14:00:00,15.500,15.530,15.490,15.520
2026-06-18 14:10:00,15.520,15.540,15.490,15.500
2026-06-18 14:20:00,15.500,15.530,15.490,15.500
2026-06-18 14:30:00,15.500,15.520,15.490,15.500
2026-06-18 14:40:00,15.510,15.530,15.480,15.490
2026-06-18 14:50:00,15.490,15.590,15.480,15.580
2026-06-18 15:00:00,15.570,15.580,15.540,15.540
2026-06-22 09:40:00,15.540,15.540,15.210,15.360
2026-06-22 09:50:00,15.350,15.350,15.210,15.310
2026-06-22 10:00:00,15.320,15.450,15.260,15.260
2026-06-22 10:10:00,15.270,15.340,15.220,15.280
2026-06-22 10:20:00,15.290,15.300,15.200,15.250
2026-06-22 10:30:00,15.250,15.290,15.210,15.240
2026-06-22 10:40:00,15.230,15.270,15.220,15.240
2026-06-22 10:50:00,15.230,15.280,15.210,15.230
2026-06-22 11:00:00,15.230,15.240,15.160,15.170
2026-06-22 11:10:00,15.180,15.240,15.150,15.180
2026-06-22 11:20:00,15.190,15.230,15.170,15.200
2026-06-22 11:30:00,15.200,15.320,15.180,15.300
2026-06-22 13:10:00,15.310,15.350,15.280,15.330
2026-06-22 13:20:00,15.330,15.510,15.320,15.490
2026-06-22 13:30:00,15.500,15.640,15.460,15.580
2026-06-22 13:40:00,15.580,15.590,15.460,15.510
2026-06-22 13:50:00,15.510,15.520,15.460,15.510
2026-06-22 14:00:00,15.510,15.660,15.500,15.650
2026-06-22 14:10:00,15.650,15.770,15.640,15.760
2026-06-22 14:20:00,15.770,15.780,15.700,15.730
2026-06-22 14:30:00,15.730,15.730,15.690,15.710
2026-06-22 14:40:00,15.710,15.750,15.700,15.730
2026-06-22 14:50:00,15.740,15.760,15.720,15.760
2026-06-22 15:00:00,15.750,15.790,15.750,15.770
2026-06-23 09:40:00,15.670,15.920,15.650,15.850
2026-06-23 09:50:00,15.850,15.890,15.780,15.870
2026-06-23 10:00:00,15.860,15.920,15.830,15.870
2026-06-23 10:10:00,15.880,15.890,15.770,15.780
2026-06-23 10:20:00,15.780,15.780,15.680,15.700
2026-06-23 10:30:00,15.690,15.780,15.680,15.700
2026-06-23 10:40:00,15.710,15.780,15.700,15.750
2026-06-23 10:50:00,15.750,15.770,15.670,15.690
2026-06-23 11:00:00,15.670,15.710,15.650,15.660
2026-06-23 11:10:00,15.650,15.660,15.620,15.630
2026-06-23 11:20:00,15.630,15.640,15.590,15.620
2026-06-23 11:30:00,15.610,15.660,15.600,15.650
2026-06-23 13:10:00,15.640,15.660,15.570,15.600
2026-06-23 13:20:00,15.580,15.630,15.570,15.570
2026-06-23 13:30:00,15.580,15.590,15.520,15.540
2026-06-23 13:40:00,15.550,15.550,15.490,15.510
2026-06-23 13:50:00,15.510,15.540,15.500,15.520
2026-06-23 14:00:00,15.520,15.520,15.440,15.440
2026-06-23 14:10:00,15.430,15.470,15.410,15.440
2026-06-23 14:20:00,15.440,15.450,15.400,15.410
2026-06-23 14:30:00,15.400,15.420,15.350,15.360
2026-06-23 14:40:00,15.360,15.380,15.310,15.340
2026-06-23 14:50:00,15.340,15.400,15.330,15.400
2026-06-23 15:00:00,15.400,15.460,15.390,15.420
2026-06-24 09:40:00,15.710,15.720,15.450,15.500
2026-06-24 09:50:00,15.500,15.620,15.380,15.410
2026-06-24 10:00:00,15.400,15.600,15.380,15.520
2026-06-24 10:10:00,15.520,15.530,15.280,15.320
2026-06-24 10:20:00,15.320,15.320,15.180,15.190
2026-06-24 10:30:00,15.200,15.230,15.150,15.160
2026-06-24 10:40:00,15.170,15.210,15.130,15.150
2026-06-24 10:50:00,15.150,15.180,15.050,15.050
2026-06-24 11:00:00,15.050,15.100,15.040,15.070
2026-06-24 11:10:00,15.070,15.110,15.040,15.050
2026-06-24 11:20:00,15.040,15.040,14.970,14.980
2026-06-24 11:30:00,14.970,15.080,14.970,15.070
2026-06-24 13:10:00,15.080,15.120,15.040,15.070
2026-06-24 13:20:00,15.060,15.100,15.030,15.080
2026-06-24 13:30:00,15.090,15.150,15.030,15.040
2026-06-24 13:40:00,15.050,15.090,15.030,15.060
2026-06-24 13:50:00,15.060,15.070,14.980,14.980
2026-06-24 14:00:00,14.980,15.000,14.980,15.000
2026-06-24 14:10:00,14.990,15.050,14.970,15.020
2026-06-24 14:20:00,15.030,15.070,15.020,15.030
2026-06-24 14:30:00,15.040,15.080,15.040,15.050
2026-06-24 14:40:00,15.050,15.100,15.050,15.050
2026-06-24 14:50:00,15.060,15.100,15.050,15.090
2026-06-24 15:00:00,15.090,15.120,15.030,15.050
2026-06-25 09:40:00,15.130,15.160,14.980,15.110
2026-06-25 09:50:00,15.110,15.160,14.990,15.010
2026-06-25 10:00:00,15.020,15.050,14.930,14.990
2026-06-25 10:10:00,15.000,15.060,14.880,14.900
2026-06-25 10:20:00,14.900,14.900,14.810,14.860
2026-06-25 10:30:00,14.860,14.930,14.850,14.880
2026-06-25 10:40:00,14.890,15.040,14.840,15.020
2026-06-25 10:50:00,15.030,15.120,14.980,15.100
2026-06-25 11:00:00,15.100,15.190,15.070,15.130
2026-06-25 11:10:00,15.130,15.160,15.080,15.120
2026-06-25 11:20:00,15.120,15.150,15.080,15.110
2026-06-25 11:30:00,15.100,15.130,15.010,15.040
2026-06-25 13:10:00,15.040,15.060,14.990,15.040
2026-06-25 13:20:00,15.030,15.110,15.010,15.040
2026-06-25 13:30:00,15.040,15.060,14.960,14.970
2026-06-25 13:40:00,14.970,14.990,14.920,14.930
2026-06-25 13:50:00,14.930,14.970,14.910,14.920
2026-06-25 14:00:00,14.920,14.940,14.860,14.870
2026-06-25 14:10:00,14.860,14.950,14.860,14.930
2026-06-25 14:20:00,14.930,14.960,14.860,14.870
2026-06-25 14:30:00,14.880,14.900,14.860,14.880
2026-06-25 14:40:00,14.880,14.920,14.870,14.890
2026-06-25 14:50:00,14.900,14.920,14.870,14.920
2026-06-25 15:00:00,14.930,14.960,14.880,14.880
2026-06-26 09:40:00,14.770,14.850,14.580,14.650
2026-06-26 09:50:00,14.650,14.660,14.520,14.590
2026-06-26 10:00:00,14.590,14.620,14.440,14.450
2026-06-26 10:10:00,14.450,14.510,14.420,14.450
2026-06-26 10:20:00,14.460,14.630,14.440,14.600
2026-06-26 10:30:00,14.610,14.690,14.580,14.590
2026-06-26 10:40:00,14.600,14.610,14.520,14.530
2026-06-26 10:50:00,14.550,14.550,14.470,14.480
2026-06-26 11:00:00,14.490,14.510,14.450,14.480
2026-06-26 11:10:00,14.480,14.500,14.450,14.470
2026-06-26 11:20:00,14.470,14.500,14.430,14.490
2026-06-26 11:30:00,14.500,14.510,14.400,14.440
2026-06-26 13:10:00,14.440,14.570,14.440,14.550
2026-06-26 13:20:00,14.560,14.620,14.510,14.530
2026-06-26 13:30:00,14.540,14.570,14.520,14.530
2026-06-26 13:40:00,14.520,14.550,14.490,14.500
2026-06-26 13:50:00,14.490,14.540,14.490,14.530
2026-06-26 14:00:00,14.530,14.570,14.510,14.510
2026-06-26 14:10:00,14.510,14.540,14.440,14.460
2026-06-26 14:20:00,14.450,14.460,14.400,14.450
2026-06-26 14:30:00,14.450,14.500,14.440,14.480
2026-06-26 14:40:00,14.480,14.520,14.440,14.510
2026-06-26 14:50:00,14.510,14.520,14.440,14.450
2026-06-26 15:00:00,14.450,14.460,14.340,14.350
2026-06-29 09:40:00,14.330,14.580,14.230,14.380
2026-06-29 09:50:00,14.380,14.450,14.220,14.320
2026-06-29 10:00:00,14.310,14.440,14.280,14.330
2026-06-29 10:10:00,14.330,14.550,14.330,14.530
2026-06-29 10:20:00,14.530,14.670,14.520,14.630
2026-06-29 10:30:00,14.630,14.890,14.620,14.820
2026-06-29 10:40:00,14.810,14.830,14.660,14.670
2026-06-29 10:50:00,14.680,14.750,14.670,14.740
2026-06-29 11:00:00,14.740,14.940,14.740,14.810
2026-06-29 11:10:00,14.800,14.850,14.780,14.840
2026-06-29 11:20:00,14.840,14.870,14.780,14.820
2026-06-29 11:30:00,14.820,14.860,14.800,14.840
2026-06-29 13:10:00,14.840,14.840,14.720,14.770
2026-06-29 13:20:00,14.770,14.800,14.740,14.740
2026-06-29 13:30:00,14.740,14.770,14.710,14.760
2026-06-29 13:40:00,14.760,14.860,14.750,14.800
2026-06-29 13:50:00,14.780,14.870,14.780,14.790
2026-06-29 14:00:00,14.790,14.850,14.780,14.810
2026-06-29 14:10:00,14.810,14.860,14.790,14.840
2026-06-29 14:20:00,14.850,14.880,14.820,14.850
2026-06-29 14:30:00,14.840,14.880,14.800,14.860
2026-06-29 14:40:00,14.870,14.920,14.860,14.890
2026-06-29 14:50:00,14.900,14.900,14.840,14.850
2026-06-29 15:00:00,14.870,14.880,14.820,14.820
2026-06-30 09:40:00,14.770,14.820,14.620,14.760
2026-06-30 09:50:00,14.770,14.850,14.720,14.720
2026-06-30 10:00:00,14.720,14.730,14.650,14.690
2026-06-30 10:10:00,14.690,14.780,14.640,14.670
2026-06-30 10:20:00,14.670,14.700,14.640,14.700
2026-06-30 10:30:00,14.710,14.720,14.630,14.630
2026-06-30 10:40:00,14.630,14.640,14.500,14.540
2026-06-30 10:50:00,14.530,14.600,14.530,14.600
2026-06-30 11:00:00,14.590,14.620,14.550,14.580
2026-06-30 11:10:00,14.580,14.590,14.530,14.540
2026-06-30 11:20:00,14.540,14.620,14.540,14.610
2026-06-30 11:30:00,14.610,14.630,14.550,14.590
2026-06-30 13:10:00,14.600,14.660,14.580,14.660
2026-06-30 13:20:00,14.660,14.690,14.620,14.640
2026-06-30 13:30:00,14.640,14.680,14.600,14.610
2026-06-30 13:40:00,14.610,14.670,14.580,14.640
2026-06-30 13:50:00,14.640,14.720,14.610,14.620
2026-06-30 14:00:00,14.620,14.630,14.550,14.570
2026-06-30 14:10:00,14.580,14.620,14.550,14.570
2026-06-30 14:20:00,14.570,14.580,14.550,14.570
2026-06-30 14:30:00,14.570,14.610,14.540,14.580
2026-06-30 14:40:00,14.580,14.620,14.570,14.610
2026-06-30 14:50:00,14.620,14.680,14.610,14.630
2026-06-30 15:00:00,14.640,14.650,14.630,14.630
2026-07-01 09:40:00,14.650,14.770,14.510,14.770
2026-07-01 09:50:00,14.760,14.820,14.570,14.600
2026-07-01 10:00:00,14.590,14.670,14.580,14.670
2026-07-01 10:10:00,14.670,14.690,14.600,14.650
2026-07-01 10:20:00,14.640,14.790,14.640,14.740
2026-07-01 10:30:00,14.730,14.960,14.710,14.920
2026-07-01 10:40:00,14.930,15.070,14.880,15.060
2026-07-01 10:50:00,15.070,15.150,15.030,15.090
2026-07-01 11:00:00,15.090,15.110,15.000,15.010
2026-07-01 11:10:00,15.020,15.060,14.990,15.060
2026-07-01 11:20:00,15.060,15.150,15.050,15.110
2026-07-01 11:30:00,15.110,15.120,15.040,15.070
2026-07-01 13:10:00,15.070,15.200,15.060,15.090
2026-07-01 13:20:00,15.090,15.120,15.030,15.110
2026-07-01 13:30:00,15.100,15.120,15.070,15.100
2026-07-01 13:40:00,15.100,15.120,15.030,15.060
2026-07-01 13:50:00,15.060,15.060,15.010,15.030
2026-07-01 14:00:00,15.030,15.030,14.920,14.980
2026-07-01 14:10:00,14.990,15.020,14.960,15.000
2026-07-01 14:20:00,15.000,15.010,14.980,14.980
2026-07-01 14:30:00,14.980,15.000,14.950,14.980
2026-07-01 14:40:00,14.990,14.990,14.930,14.950
2026-07-01 14:50:00,14.950,14.990,14.950,14.960
2026-07-01 15:00:00,14.960,14.990,14.950,14.970
2026-07-02 09:40:00,14.990,15.310,14.990,15.120
2026-07-02 09:50:00,15.110,15.390,15.110,15.340
2026-07-02 10:00:00,15.340,15.340,15.120,15.200
2026-07-02 10:10:00,15.200,15.210,15.060,15.120
2026-07-02 10:20:00,15.130,15.200,15.120,15.180
2026-07-02 10:30:00,15.180,15.180,15.080,15.110
2026-07-02 10:40:00,15.100,15.120,15.030,15.030
2026-07-02 10:50:00,15.030,15.050,14.970,14.990
2026-07-02 11:00:00,14.980,15.060,14.980,15.020
2026-07-02 11:10:00,15.020,15.050,15.000,15.020
2026-07-02 11:20:00,15.020,15.030,14.960,14.980
2026-07-02 11:30:00,14.980,15.010,14.970,15.000
2026-07-02 13:10:00,15.000,15.050,14.980,15.010
2026-07-02 13:20:00,15.010,15.050,14.980,15.050
2026-07-02 13:30:00,15.040,15.060,15.010,15.040
2026-07-02 13:40:00,15.040,15.050,14.960,14.990
2026-07-02 13:50:00,14.990,15.030,14.970,15.000
2026-07-02 14:00:00,15.000,15.090,14.990,15.060
2026-07-02 14:10:00,15.060,15.110,15.030,15.090
2026-07-02 14:20:00,15.080,15.190,15.070,15.110
2026-07-02 14:30:00,15.100,15.110,15.040,15.050
2026-07-02 14:40:00,15.050,15.080,15.040,15.040
2026-07-02 14:50:00,15.040,15.050,14.960,14.960
2026-07-02 15:00:00,14.960,14.980,14.940,14.950
2026-07-03 09:40:00,14.980,15.180,14.930,15.110
2026-07-03 09:50:00,15.120,15.120,14.990,15.040
2026-07-03 10:00:00,15.040,15.120,15.030,15.070
2026-07-03 10:10:00,15.060,15.060,14.960,14.990
2026-07-03 10:20:00,14.990,15.080,14.990,15.020
2026-07-03 10:30:00,15.020,15.030,14.940,14.960
2026-07-03 10:40:00,14.970,14.980,14.900,14.940
2026-07-03 10:50:00,14.930,14.950,14.850,14.850
2026-07-03 11:00:00,14.850,14.860,14.820,14.850
2026-07-03 11:10:00,14.860,14.880,14.820,14.830
2026-07-03 11:20:00,14.830,14.880,14.820,14.860
2026-07-03 11:30:00,14.850,14.900,14.830,14.870
2026-07-03 13:10:00,14.880,14.950,14.870,14.930
2026-07-03 13:20:00,14.930,15.010,14.900,15.000
2026-07-03 13:30:00,15.000,15.040,14.910,14.960
2026-07-03 13:40:00,14.950,14.990,14.940,14.940
2026-07-03 13:50:00,14.940,14.990,14.920,14.980
2026-07-03 14:00:00,14.990,15.040,14.980,15.030
2026-07-03 14:10:00,15.030,15.120,15.030,15.120
2026-07-03 14:20:00,15.120,15.120,15.080,15.110
2026-07-03 14:30:00,15.110,15.120,15.060,15.100
2026-07-03 14:40:00,15.100,15.100,15.060,15.080
2026-07-03 14:50:00,15.080,15.080,15.040,15.050
2026-07-03 15:00:00,15.060,15.070,15.030,15.030
2026-07-06 09:40:00,14.990,15.340,14.960,15.250
2026-07-06 09:50:00,15.260,15.310,15.140,15.180
2026-07-06 10:00:00,15.180,15.260,15.170,15.250
2026-07-06 10:10:00,15.260,15.300,15.230,15.260
2026-07-06 10:20:00,15.270,15.410,15.260,15.340
2026-07-06 10:30:00,15.330,15.370,15.300,15.300
2026-07-06 10:40:00,15.310,15.320,15.260,15.260
2026-07-06 10:50:00,15.270,15.310,15.200,15.230
2026-07-06 11:00:00,15.230,15.260,15.200,15.200
2026-07-06 11:10:00,15.200,15.210,15.170,15.180
2026-07-06 11:20:00,15.190,15.200,15.140,15.160
2026-07-06 11:30:00,15.170,15.170,15.130,15.150
2026-07-06 13:10:00,15.160,15.180,15.130,15.140
2026-07-06 13:20:00,15.130,15.180,15.130,15.170
2026-07-06 13:30:00,15.170,15.180,15.140,15.140
2026-07-06 13:40:00,15.150,15.160,15.130,15.160
2026-07-06 13:50:00,15.150,15.170,15.140,15.160
2026-07-06 14:00:00,15.170,15.180,15.120,15.130
2026-07-06 14:10:00,15.120,15.170,15.110,15.140
2026-07-06 14:20:00,15.150,15.160,15.110,15.130
2026-07-06 14:30:00,15.120,15.140,15.110,15.130
2026-07-06 14:40:00,15.140,15.170,15.130,15.150
2026-07-06 14:50:00,15.150,15.160,15.140,15.150
2026-07-06 15:00:00,15.150,15.160,15.110,15.130
2026-07-07 09:40:00,15.010,15.170,14.950,15.130
2026-07-07 09:50:00,15.130,15.200,15.000,15.150
2026-07-07 10:00:00,15.140,15.260,15.070,15.150
2026-07-07 10:10:00,15.150,15.210,15.090,15.090
2026-07-07 10:20:00,15.100,15.170,15.060,15.060
2026-07-07 10:30:00,15.060,15.080,14.970,14.980
2026-07-07 10:40:00,14.970,14.980,14.920,14.940
2026-07-07 10:50:00,14.930,14.960,14.890,14.910
2026-07-07 11:00:00,14.900,14.910,14.820,14.820
2026-07-07 11:10:00,14.830,14.900,14.820,14.880
2026-07-07 11:20:00,14.880,14.900,14.830,14.870
2026-07-07 11:30:00,14.860,14.900,14.830,14.850
2026-07-07 13:10:00,14.850,14.870,14.800,14.840
2026-07-07 13:20:00,14.840,14.850,14.800,14.810
2026-07-07 13:30:00,14.810,14.830,14.760,14.770
2026-07-07 13:40:00,14.770,14.800,14.750,14.760
2026-07-07 13:50:00,14.750,14.790,14.690,14.720
2026-07-07 14:00:00,14.730,14.760,14.710,14.740
2026-07-07 14:10:00,14.740,14.750,14.680,14.700
2026-07-07 14:20:00,14.690,14.710,14.680,14.700
2026-07-07 14:30:00,14.700,14.750,14.700,14.740
2026-07-07 14:40:00,14.740,14.790,14.730,14.770
2026-07-07 14:50:00,14.780,14.780,14.720,14.730
2026-07-07 15:00:00,14.740,14.750,14.710,14.710
2026-07-08 09:40:00,14.780,14.790,14.570,14.710
2026-07-08 09:50:00,14.720,14.750,14.600,14.700
2026-07-08 10:00:00,14.690,14.960,14.680,14.930
2026-07-08 10:10:00,14.930,15.020,14.890,14.900
2026-07-08 10:20:00,14.900,14.940,14.870,14.910
2026-07-08 10:30:00,14.900,14.970,14.890,14.960
2026-07-08 10:40:00,14.950,14.980,14.860,14.900
2026-07-08 10:50:00,14.900,14.930,14.800,14.810
2026-07-08 11:00:00,14.810,14.840,14.800,14.820
2026-07-08 11:10:00,14.820,14.850,14.790,14.850
2026-07-08 11:20:00,14.850,14.900,14.830,14.860
2026-07-08 11:30:00,14.860,14.910,14.820,14.870
2026-07-08 13:10:00,14.870,14.950,14.810,14.930
2026-07-08 13:20:00,14.930,14.960,14.890,14.940
2026-07-08 13:30:00,14.930,14.950,14.880,14.890
2026-07-08 13:40:00,14.890,14.890,14.830,14.860
2026-07-08 13:50:00,14.860,14.880,14.830,14.830
2026-07-08 14:00:00,14.840,14.950,14.830,14.920
2026-07-08 14:10:00,14.920,14.920,14.870,14.890
2026-07-08 14:20:00,14.890,14.980,14.880,14.970
2026-07-08 14:30:00,14.970,14.980,14.930,14.950
2026-07-08 14:40:00,14.960,14.970,14.930,14.950
2026-07-08 14:50:00,14.950,14.960,14.920,14.920
2026-07-08 15:00:00,14.930,14.930,14.890,14.890
2026-07-09 09:40:00,14.820,14.860,14.590,14.800
2026-07-09 09:50:00,14.800,14.970,14.740,14.970
2026-07-09 10:00:00,14.960,15.120,14.930,15.080
2026-07-09 10:10:00,15.100,15.140,15.030,15.090
2026-07-09 10:20:00,15.090,15.090,14.980,14.990
2026-07-09 10:30:00,14.990,15.030,14.900,14.900
2026-07-09 10:40:00,14.900,14.920,14.850,14.890
2026-07-09 10:50:00,14.880,14.890,14.760,14.800
2026-07-09 11:00:00,14.800,14.830,14.740,14.740
2026-07-09 11:10:00,14.750,14.770,14.720,14.740
2026-07-09 11:20:00,14.740,14.760,14.710,14.740
2026-07-09 11:30:00,14.740,14.760,14.710,14.740
2026-07-09 13:10:00,14.740,14.800,14.720,14.800
2026-07-09 13:20:00,14.790,14.850,14.700,14.710
2026-07-09 13:30:00,14.700,14.740,14.660,14.710
2026-07-09 13:40:00,14.720,14.740,14.700,14.740
2026-07-09 13:50:00,14.730,14.790,14.710,14.780
2026-07-09 14:00:00,14.790,14.830,14.780,14.830
2026-07-09 14:10:00,14.820,14.870,14.780,14.820
2026-07-09 14:20:00,14.830,14.840,14.770,14.780
2026-07-09 14:30:00,14.780,14.820,14.770,14.820
2026-07-09 14:40:00,14.820,14.870,14.810,14.850
2026-07-09 14:50:00,14.850,14.910,14.840,14.910
2026-07-09 15:00:00,14.910,14.930,14.850,14.880
2026-07-10 09:40:00,14.680,14.700,14.560,14.610
2026-07-10 09:50:00,14.610,14.880,14.600,14.860
2026-07-10 10:00:00,14.880,15.070,14.850,15.040
2026-07-10 10:10:00,15.060,15.350,15.040,15.350
2026-07-10 10:20:00,15.350,15.400,15.270,15.320
2026-07-10 10:30:00,15.320,15.390,15.210,15.240
2026-07-10 10:40:00,15.240,15.380,15.240,15.340
2026-07-10 10:50:00,15.330,15.370,15.300,15.320
2026-07-10 11:00:00,15.310,15.470,15.310,15.410
2026-07-10 11:10:00,15.410,15.540,15.410,15.500
2026-07-10 11:20:00,15.500,15.540,15.450,15.490
2026-07-10 11:30:00,15.490,15.600,15.490,15.590
2026-07-10 13:10:00,15.590,15.610,15.480,15.590
2026-07-10 13:20:00,15.600,15.640,15.480,15.480
2026-07-10 13:30:00,15.480,15.500,15.440,15.440
2026-07-10 13:40:00,15.450,15.480,15.410,15.410
2026-07-10 13:50:00,15.410,15.450,15.370,15.410
2026-07-10 14:00:00,15.410,15.460,15.390,15.390
2026-07-10 14:10:00,15.400,15.400,15.310,15.340
2026-07-10 14:20:00,15.340,15.400,15.320,15.400
2026-07-10 14:30:00,15.400,15.410,15.360,15.370
2026-07-10 14:40:00,15.380,15.390,15.340,15.340
2026-07-10 14:50:00,15.340,15.360,15.320,15.330
2026-07-10 15:00:00,15.330,15.350,15.320,15.350
2026-07-13 09:40:00,15.180,15.460,14.980,15.020
2026-07-13 09:50:00,15.030,15.050,14.900,15.020
2026-07-13 10:00:00,15.020,15.040,14.890,14.900
2026-07-13 10:10:00,14.910,14.970,14.870,14.910
2026-07-13 10:20:00,14.910,14.940,14.860,14.900
2026-07-13 10:30:00,14.900,14.910,14.850,14.860
2026-07-13 10:40:00,14.860,14.860,14.800,14.820
2026-07-13 10:50:00,14.820,14.820,14.760,14.760
2026-07-13 11:00:00,14.760,14.760,14.680,14.700
2026-07-13 11:10:00,14.710,14.760,14.690,14.760
2026-07-13 11:20:00,14.750,14.800,14.720,14.780
2026-07-13 11:30:00,14.780,14.810,14.760,14.790
2026-07-13 13:10:00,14.780,14.820,14.740,14.780
2026-07-13 13:20:00,14.780,14.800,14.710,14.730
2026-07-13 13:30:00,14.730,14.740,14.680,14.710
2026-07-13 13:40:00,14.710,14.850,14.690,14.810
2026-07-13 13:50:00,14.800,14.820,14.680,14.700
2026-07-13 14:00:00,14.700,14.760,14.690,14.740
2026-07-13 14:10:00,14.730,14.740,14.680,14.700
2026-07-13 14:20:00,14.700,14.710,14.680,14.710
2026-07-13 14:30:00,14.700,14.710,14.690,14.710
2026-07-13 14:40:00,14.700,14.720,14.680,14.710
2026-07-13 14:50:00,14.710,14.840,14.690,14.780
2026-07-13 15:00:00,14.790,14.800,14.720,14.730
2026-07-14 09:40:00,14.720,14.790,14.520,14.580
2026-07-14 09:50:00,14.580,14.600,14.440,14.440
2026-07-14 10:00:00,14.450,14.560,14.400,14.500
2026-07-14 10:10:00,14.490,14.510,14.420,14.430
2026-07-14 10:20:00,14.440,14.590,14.390,14.570
2026-07-14 10:30:00,14.560,14.570,14.490,14.500
2026-07-14 10:40:00,14.500,14.530,14.450,14.480
2026-07-14 10:50:00,14.470,14.490,14.450,14.480
2026-07-14 11:00:00,14.480,14.490,14.450,14.460
2026-07-14 11:10:00,14.460,14.530,14.440,14.510
2026-07-14 11:20:00,14.510,14.520,14.390,14.450
2026-07-14 11:30:00,14.450,14.470,14.420,14.450
2026-07-14 13:10:00,14.460,14.630,14.450,14.630
2026-07-14 13:20:00,14.630,14.650,14.450,14.490
2026-07-14 13:30:00,14.490,14.520,14.460,14.480
2026-07-14 13:40:00,14.490,14.550,14.430,14.460
2026-07-14 13:50:00,14.450,14.500,14.430,14.450
2026-07-14 14:00:00,14.460,14.480,14.430,14.460
2026-07-14 14:10:00,14.470,14.540,14.470,14.500
2026-07-14 14:20:00,14.500,14.580,14.500,14.550
2026-07-14 14:30:00,14.550,14.580,14.530,14.570
2026-07-14 14:40:00,14.550,14.600,14.540,14.580
2026-07-14 14:50:00,14.580,14.590,14.550,14.560
2026-07-14 15:00:00,14.570,14.590,14.560,14.580
2026-07-15 09:40:00,14.530,14.900,14.450,14.900
2026-07-15 09:50:00,14.900,14.990,14.810,14.940
2026-07-15 10:00:00,14.950,15.090,14.930,15.080
2026-07-15 10:10:00,15.070,15.120,14.970,15.060
2026-07-15 10:20:00,15.060,15.130,15.010,15.020
2026-07-15 10:30:00,15.030,15.070,14.980,15.030
2026-07-15 10:40:00,15.040,15.150,15.020,15.140
2026-07-15 10:50:00,15.140,15.150,15.040,15.090
2026-07-15 11:00:00,15.080,15.120,15.010,15.010
2026-07-15 11:10:00,15.010,15.040,15.000,15.040
2026-07-15 11:20:00,15.040,15.110,15.010,15.010
2026-07-15 11:30:00,15.020,15.150,14.990,15.140
2026-07-15 13:10:00,15.140,15.230,15.110,15.140
2026-07-15 13:20:00,15.140,15.170,15.100,15.130
2026-07-15 13:30:00,15.120,15.130,15.060,15.070
2026-07-15 13:40:00,15.070,15.080,15.020,15.030
2026-07-15 13:50:00,15.020,15.060,15.010,15.030
2026-07-15 14:00:00,15.020,15.030,15.000,15.000
2026-07-15 14:10:00,15.010,15.010,14.980,15.000
2026-07-15 14:20:00,15.000,15.040,14.990,15.020
2026-07-15 14:30:00,15.020,15.090,15.010,15.060
2026-07-15 14:40:00,15.060,15.100,15.030,15.090
2026-07-15 14:50:00,15.090,15.110,15.050,15.090
2026-07-15 15:00:00,15.090,15.130,15.080,15.100
2026-07-16 09:40:00,15.080,15.240,15.000,15.030
2026-07-16 09:50:00,15.030,15.130,14.910,15.090
2026-07-16 10:00:00,15.090,15.240,15.070,15.190
2026-07-16 10:10:00,15.190,15.330,15.140,15.320
2026-07-16 10:20:00,15.310,15.320,15.220,15.240
2026-07-16 10:30:00,15.250,15.570,15.240,15.500
2026-07-16 10:40:00,15.510,15.560,15.450,15.500
2026-07-16 10:50:00,15.500,15.570,15.490,15.520
2026-07-16 11:00:00,15.520,15.580,15.470,15.490
2026-07-16 11:10:00,15.490,15.610,15.480,15.590
2026-07-16 11:20:00,15.600,15.600,15.510,15.530
2026-07-16 11:30:00,15.520,15.570,15.510,15.570
2026-07-16 13:10:00,15.570,15.820,15.540,15.680
2026-07-16 13:20:00,15.670,15.720,15.670,15.700
2026-07-16 13:30:00,15.700,15.710,15.650,15.670
2026-07-16 13:40:00,15.660,15.670,15.600,15.620
2026-07-16 13:50:00,15.620,15.660,15.610,15.620
2026-07-16 14:00:00,15.630,15.650,15.610,15.630
2026-07-16 14:10:00,15.620,15.640,15.570,15.610
2026-07-16 14:20:00,15.600,15.620,15.580,15.610
2026-07-16 14:30:00,15.600,15.650,15.600,15.640
2026-07-16 14:40:00,15.640,15.650,15.550,15.580
2026-07-16 14:50:00,15.590,15.640,15.570,15.590
2026-07-16 15:00:00,15.590,15.660,15.580,15.650
2026-07-17 09:40:00,15.560,15.830,15.560,15.780
2026-07-17 09:50:00,15.770,15.830,15.530,15.540
2026-07-17 10:00:00,15.550,15.600,15.450,15.450
2026-07-17 10:10:00,15.460,15.480,15.320,15.330
2026-07-17 10:20:00,15.340,15.390,15.300,15.380
2026-07-17 10:30:00,15.380,15.380,15.320,15.340
2026-07-17 10:40:00,15.340,15.430,15.310,15.380
2026-07-17 10:50:00,15.380,15.460,15.360,15.400
2026-07-17 11:00:00,15.400,15.450,15.330,15.350
2026-07-17 11:10:00,15.350,15.410,15.320,15.340
2026-07-17 11:20:00,15.350,15.380,15.300,15.340
2026-07-17 11:30:00,15.330,15.340,15.270,15.310
2026-07-17 13:10:00,15.310,15.330,15.260,15.280
2026-07-17 13:20:00,15.280,15.320,15.230,15.250
2026-07-17 13:30:00,15.250,15.250,15.150,15.160
2026-07-17 13:40:00,15.180,15.200,15.060,15.070
2026-07-17 13:50:00,15.070,15.160,15.050,15.150
2026-07-17 14:00:00,15.150,15.220,15.080,15.220
2026-07-17 14:10:00,15.220,15.320,15.200,15.290
2026-07-17 14:20:00,15.290,15.320,15.200,15.230
2026-07-17 14:30:00,15.230,15.280,15.220,15.240
2026-07-17 14:40:00,15.240,15.260,15.160,15.180
2026-07-17 14:50:00,15.180,15.190,15.130,15.180
2026-07-17 15:00:00,15.170,15.190,15.110,15.140
2026-07-20 09:40:00,15.120,15.420,15.020,15.030
2026-07-20 09:50:00,15.030,15.280,15.000,15.170
2026-07-20 10:00:00,15.180,15.320,15.100,15.240
2026-07-20 10:10:00,15.240,15.310,15.230,15.310
2026-07-20 10:20:00,15.300,15.320,15.230,15.270
2026-07-20 10:30:00,15.270,15.280,15.190,15.250
2026-07-20 10:40:00,15.240,15.280,15.180,15.210
2026-07-20 10:50:00,15.210,15.310,15.190,15.290
2026-07-20 11:00:00,15.290,15.300,15.220,15.230
2026-07-20 11:10:00,15.230,15.240,15.180,15.220
2026-07-20 11:20:00,15.230,15.300,15.190,15.220
2026-07-20 11:30:00,15.220,15.300,15.200,15.250
2026-07-20 13:10:00,15.260,15.370,15.260,15.340
2026-07-20 13:20:00,15.350,15.350,15.260,15.280
2026-07-20 13:30:00,15.290,15.290,15.200,15.210
2026-07-20 13:40:00,15.210,15.250,15.090,15.100
2026-07-20 13:50:00,15.100,15.150,15.010,15.130
2026-07-20 14:00:00,15.130,15.180,15.030,15.080
2026-07-20 14:10:00,15.070,15.260,15.060,15.140
2026-07-20 14:20:00,15.140,15.170,15.070,15.160
2026-07-20 14:30:00,15.160,15.190,15.010,15.100
2026-07-20 14:40:00,15.120,15.180,15.070,15.180
2026-07-20 14:50:00,15.180,15.440,15.170,15.430
2026-07-20 15:00:00,15.430,15.520,15.400,15.520
2026-07-21 09:40:00,15.390,15.830,15.370,15.610
2026-07-21 09:50:00,15.610,15.710,15.480,15.640
2026-07-21 10:00:00,15.650,15.740,15.600,15.650
2026-07-21 10:10:00,15.650,15.760,15.600,15.670
2026-07-21 10:20:00,15.650,15.720,15.460,15.490
2026-07-21 10:30:00,15.490,15.660,15.480,15.610
2026-07-21 10:40:00,15.620,15.620,15.420,15.460
2026-07-21 10:50:00,15.490,15.510,15.430,15.460
2026-07-21 11:00:00,15.460,15.470,15.350,15.380
2026-07-21 11:10:00,15.390,15.460,15.330,15.390
2026-07-21 11:20:00,15.390,15.450,15.380,15.420
2026-07-21 11:30:00,15.420,15.460,15.360,15.380
2026-07-21 13:10:00,15.380,15.460,15.360,15.420
2026-07-21 13:20:00,15.420,15.460,15.370,15.420
2026-07-21 13:30:00,15.420,15.460,15.400,15.440
2026-07-21 13:40:00,15.430,15.450,15.370,15.400
2026-07-21 13:50:00,15.390,15.410,15.380,15.410
2026-07-21 14:00:00,15.410,15.410,15.380,15.380
2026-07-21 14:10:00,15.390,15.440,15.370,15.420
2026-07-21 14:20:00,15.420,15.430,15.380,15.390
2026-07-21 14:30:00,15.390,15.400,15.360,15.380
2026-07-21 14:40:00,15.380,15.390,15.350,15.350
2026-07-21 14:50:00,15.350,15.410,15.350,15.400
2026-07-21 15:00:00,15.410,15.520,15.380,15.520
2026-07-22 09:40:00,15.350,15.400,15.180,15.340
2026-07-22 09:50:00,15.320,15.360,15.210,15.240
2026-07-22 10:00:00,15.240,15.390,15.230,15.380
2026-07-22 10:10:00,15.370,15.430,15.320,15.420
2026-07-22 10:20:00,15.410,15.420,15.350,15.360
2026-07-22 10:30:00,15.370,15.400,15.310,15.320
2026-07-22 10:40:00,15.320,15.420,15.320,15.380
2026-07-22 10:50:00,15.370,15.380,15.320,15.360
2026-07-22 11:00:00,15.350,15.360,15.300,15.310
2026-07-22 11:10:00,15.310,15.320,15.240,15.260
2026-07-22 11:20:00,15.260,15.360,15.220,15.320
2026-07-22 11:30:00,15.320,15.360,15.280,15.300
2026-07-22 13:10:00,15.300,15.330,15.270,15.280
2026-07-22 13:20:00,15.280,15.310,15.260,15.300
2026-07-22 13:30:00,15.300,15.410,15.290,15.380
2026-07-22 13:40:00,15.370,15.530,15.370,15.470
2026-07-22 13:50:00,15.470,15.490,15.410,15.440
2026-07-22 14:00:00,15.440,15.450,15.380,15.400
2026-07-22 14:10:00,15.420,15.430,15.350,15.380
2026-07-22 14:20:00,15.380,15.430,15.360,15.400
2026-07-22 14:30:00,15.390,15.410,15.360,15.360
2026-07-22 14:40:00,15.360,15.390,15.340,15.370
2026-07-22 14:50:00,15.370,15.410,15.360,15.400
2026-07-22 15:00:00,15.390,15.440,15.380,15.430
2026-07-23 09:40:00,15.300,15.310,15.030,15.050
2026-07-23 09:50:00,15.050,15.130,14.950,15.040
2026-07-23 10:00:00,15.050,15.110,14.990,15.020
2026-07-23 10:10:00,15.020,15.150,15.020,15.110
2026-07-23 10:20:00,15.120,15.140,15.060,15.140
2026-07-23 10:30:00,15.140,15.150,15.080,15.090
2026-07-23 10:40:00,15.090,15.130,15.080,15.090
2026-07-23 10:50:00,15.080,15.120,15.060,15.110
2026-07-23 11:00:00,15.100,15.170,15.100,15.140
2026-07-23 11:10:00,15.140,15.160,15.070,15.090
2026-07-23 11:20:00,15.090,15.120,15.060,15.120
2026-07-23 11:30:00,15.110,15.130,15.080,15.120
2026-07-23 13:10:00,15.120,15.170,15.090,15.150
2026-07-23 13:20:00,15.140,15.170,15.130,15.140
2026-07-23 13:30:00,15.140,15.200,15.130,15.180
2026-07-23 13:40:00,15.170,15.250,15.170,15.250
2026-07-23 13:50:00,15.250,15.250,15.180,15.190
2026-07-23 14:00:00,15.190,15.210,15.150,15.160
2026-07-23 14:10:00,15.150,15.190,15.120,15.150
2026-07-23 14:20:00,15.150,15.200,15.150,15.180
2026-07-23 14:30:00,15.180,15.200,15.160,15.180
2026-07-23 14:40:00,15.200,15.240,15.190,15.230
2026-07-23 14:50:00,15.230,15.240,15.200,15.210
2026-07-23 15:00:00,15.220,15.230,15.200,15.220
2026-07-24 09:40:00,15.020,15.120,15.000,15.030
2026-07-24 09:50:00,15.040,15.080,14.990,15.040
2026-07-24 10:00:00,15.050,15.050,14.920,14.920
2026-07-24 10:10:00,14.920,14.930,14.840,14.900
2026-07-24 10:20:00,14.900,14.950,14.880,14.920
2026-07-24 10:30:00,14.910,14.920,14.860,14.860
2026-07-24 10:40:00,14.870,14.890,14.840,14.840
2026-07-24 10:50:00,14.840,14.850,14.800,14.830
2026-07-24 11:00:00,14.830,14.840,14.780,14.780
2026-07-24 11:10:00,14.780,14.820,14.750,14.800
2026-07-24 11:20:00,14.800,14.820,14.760,14.770
2026-07-24 11:30:00,14.780,14.830,14.750,14.820
2026-07-24 13:10:00,14.820,14.860,14.800,14.830
2026-07-24 13:20:00,14.830,14.870,14.800,14.820
2026-07-24 13:30:00,14.820,14.850,14.800,14.840
2026-07-24 13:40:00,14.830,14.830,14.790,14.800
2026-07-24 13:50:00,14.800,14.810,14.760,14.780
2026-07-24 14:00:00,14.790,14.790,14.740,14.750
2026-07-24 14:10:00,14.740,14.750,14.710,14.750
2026-07-24 14:20:00,14.750,14.780,14.740,14.740
2026-07-24 14:30:00,14.740,14.780,14.740,14.750
2026-07-24 14:40:00,14.750,14.760,14.680,14.680
2026-07-24 14:50:00,14.680,14.700,14.620,14.650
2026-07-24 15:00:00,14.650,14.660,14.600,14.600
2026-07-27 09:40:00,14.620,14.910,14.520,14.840
2026-07-27 09:50:00,14.840,14.980,14.780,14.970
2026-07-27 10:00:00,14.960,14.970,14.880,14.900
2026-07-27 10:10:00,14.910,14.990,14.900,14.970
2026-07-27 10:20:00,14.970,14.970,14.910,14.970
2026-07-27 10:30:00,14.970,15.030,14.970,15.000
2026-07-27 10:40:00,15.000,15.040,14.960,14.970
2026-07-27 10:50:00,14.980,15.080,14.970,15.040
2026-07-27 11:00:00,15.050,15.130,15.050,15.130
2026-07-27 11:10:00,15.130,15.160,15.100,15.110
2026-07-27 11:20:00,15.120,15.130,15.100,15.120
2026-07-27 11:30:00,15.130,15.150,15.110,15.130
2026-07-27 13:10:00,15.130,15.140,15.070,15.090
2026-07-27 13:20:00,15.090,15.090,15.010,15.020
2026-07-27 13:30:00,15.020,15.070,15.010,15.020
2026-07-27 13:40:00,15.020,15.060,15.000,15.040
2026-07-27 13:50:00,15.040,15.090,15.040,15.090
2026-07-27 14:00:00,15.080,15.090,15.060,15.080
2026-07-27 14:10:00,15.080,15.170,15.070,15.160
2026-07-27 14:20:00,15.150,15.190,15.140,15.170
2026-07-27 14:30:00,15.170,15.180,15.150,15.160
2026-07-27 14:40:00,15.170,15.170,15.130,15.140
2026-07-27 14:50:00,15.150,15.160,15.130,15.160
2026-07-27 15:00:00,15.150,15.180,15.140,15.180
2026-07-28 09:40:00,15.100,15.170,15.040,15.170
2026-07-28 09:50:00,15.170,15.320,15.130,15.310
2026-07-28 10:00:00,15.310,15.350,15.280,15.350
2026-07-28 10:10:00,15.340,15.380,15.280,15.280
2026-07-28 10:20:00,15.280,15.340,15.260,15.300
2026-07-28 10:30:00,15.290,15.320,15.270,15.310
2026-07-28 10:40:00,15.300,15.310,15.260,15.290
2026-07-28 10:50:00,15.290,15.300,15.240,15.270
2026-07-28 11:00:00,15.270,15.290,15.240,15.250
2026-07-28 11:10:00,15.250,15.270,15.220,15.250
2026-07-28 11:20:00,15.240,15.310,15.230,15.300
2026-07-28 11:30:00,15.280,15.340,15.260,15.300
2026-07-28 13:10:00,15.300,15.320,15.200,15.250
2026-07-28 13:20:00,15.250,15.290,15.220,15.270
2026-07-28 13:30:00,15.270,15.280,15.250,15.260
2026-07-28 13:40:00,15.260,15.300,15.230,15.300
2026-07-28 13:50:00,15.310,15.320,15.270,15.280
2026-07-28 14:00:00,15.290,15.320,15.270,15.280
2026-07-28 14:10:00,15.290,15.330,15.270,15.310
2026-07-28 14:20:00,15.310,15.320,15.280,15.310
2026-07-28 14:30:00,15.300,15.330,15.300,15.320
2026-07-28 14:40:00,15.310,15.330,15.280,15.310
2026-07-28 14:50:00,15.310,15.310,15.280,15.300
2026-07-28 15:00:00,15.300,15.310,15.260,15.270
2026-07-29 09:40:00,15.370,15.660,15.290,15.590
2026-07-29 09:50:00,15.590,15.600,15.490,15.520
2026-07-29 10:00:00,15.540,15.550,15.450,15.490
2026-07-29 10:10:00,15.490,15.630,15.490,15.610
2026-07-29 10:20:00,15.620,15.650,15.590,15.600
2026-07-29 10:30:00,15.590,15.630,15.580,15.620
2026-07-29 10:40:00,15.610,15.690,15.610,15.670
2026-07-29 10:50:00,15.670,15.690,15.630,15.660
2026-07-29 11:00:00,15.660,15.680,15.630,15.640
2026-07-29 11:10:00,15.640,15.660,15.580,15.660
2026-07-29 11:20:00,15.660,15.680,15.600,15.650
2026-07-29 11:30:00,15.640,15.640,15.560,15.590
2026-07-29 13:10:00,15.590,15.680,15.570,15.680
2026-07-29 13:20:00,15.680,15.700,15.650,15.690
2026-07-29 13:30:00,15.690,15.770,15.690,15.770
2026-07-29 13:40:00,15.770,15.770,15.730,15.750
2026-07-29 13:50:00,15.740,15.820,15.730,15.750
2026-07-29 14:00:00,15.760,15.770,15.670,15.680
2026-07-29 14:10:00,15.680,15.720,15.650,15.700
2026-07-29 14:20:00,15.700,15.710,15.680,15.680
2026-07-29 14:30:00,15.680,15.710,15.670,15.700
2026-07-29 14:40:00,15.700,15.710,15.650,15.670
2026-07-29 14:50:00,15.670,15.710,15.660,15.700
2026-07-29 15:00:00,15.690,15.700,15.650,15.680
2026-07-30 09:40:00,15.650,15.970,15.650,15.950
2026-07-30 09:50:00,15.970,16.060,15.950,15.970
2026-07-30 10:00:00,15.990,16.100,15.980,16.050
2026-07-30 10:10:00,16.050,16.100,16.020,16.060
2026-07-30 10:20:00,16.060,16.070,16.000,16.000
2026-07-30 10:30:00,16.000,16.100,15.990,16.080
2026-07-30 10:40:00,16.080,16.080,16.010,16.050
2026-07-30 10:50:00,16.050,16.060,16.000,16.020
2026-07-30 11:00:00,16.030,16.030,16.000,16.020
2026-07-30 11:10:00,16.030,16.080,16.000,16.040
2026-07-30 11:20:00,16.040,16.050,15.960,15.980
2026-07-30 11:30:00,15.970,16.000,15.950,15.980
2026-07-30 13:10:00,15.960,16.000,15.890,15.930
2026-07-30 13:20:00,15.930,15.940,15.810,15.850
2026-07-30 13:30:00,15.850,15.920,15.840,15.920
2026-07-30 13:40:00,15.920,15.950,15.870,15.890
2026-07-30 13:50:00,15.890,15.970,15.860,15.950
2026-07-30 14:00:00,15.940,15.960,15.900,15.930
2026-07-30 14:10:00,15.920,15.940,15.890,15.920
2026-07-30 14:20:00,15.920,15.960,15.900,15.960
2026-07-30 14:30:00,15.950,16.020,15.940,16.010
2026-07-30 14:40:00,16.000,16.050,15.940,15.940
2026-07-30 14:50:00,15.960,15.990,15.940,15.940
2026-07-30 15:00:00,15.940,15.970,15.910,15.910
2026-07-31 09:40:00,15.750,16.080,15.710,16.030
2026-07-31 09:50:00,16.020,16.160,16.020,16.090
2026-07-31 10:00:00,16.080,16.120,16.030,16.070
2026-07-31 10:10:00,16.080,16.220,16.070,16.210
2026-07-31 10:20:00,16.210,16.220,16.110,16.190
2026-07-31 10:30:00,16.190,16.330,16.180,16.290
2026-07-31 10:40:00,16.290,16.370,16.270,16.360
2026-07-31 10:50:00,16.350,16.530,16.350,16.520
2026-07-31 11:00:00,16.520,16.640,16.460,16.620
2026-07-31 11:10:00,16.620,16.680,16.510,16.510
2026-07-31 11:20:00,16.510,16.540,16.430,16.520
2026-07-31 11:30:00,16.520,16.550,16.460,16.510
2026-07-31 13:10:00,16.520,16.590,16.480,16.500
2026-07-31 13:20:00,16.480,16.500,16.430,16.480
2026-07-31 13:30:00,16.470,16.480,16.370,16.370
2026-07-31 13:40:00,16.370,16.400,16.330,16.370
2026-07-31 13:50:00,16.370,16.390,16.340,16.370
2026-07-31 14:00:00,16.370,16.380,16.340,16.370
2026-07-31 14:10:00,16.360,16.380,16.340,16.370
2026-07-31 14:20:00,16.370,16.380,16.320,16.350
2026-07-31 14:30:00,16.350,16.410,16.340,16.380
2026-07-31 14:40:00,16.380,16.400,16.340,16.370
2026-07-31 14:50:00,16.360,16.390,16.340,16.350
2026-07-31 15:00:00,16.350,16.380,16.340,16.370
2026-08-03 09:40:00,16.300,16.370,16.070,16.110
2026-08-03 09:50:00,16.110,16.330,16.110,16.290
2026-08-03 10:00:00,16.310,16.340,16.220,16.290
2026-08-03 10:10:00,16.280,16.430,16.280,16.430
2026-08-03 10:20:00,16.430,16.470,16.290,16.300
2026-08-03 10:30:00,16.300,16.400,16.300,16.350
2026-08-03 10:40:00,16.340,16.370,16.220,16.260
2026-08-03 10:50:00,16.260,16.310,16.230,16.270
2026-08-03 11:00:00,16.270,16.300,16.220,16.230
2026-08-03 11:10:00,16.230,16.260,16.200,16.250
2026-08-03 11:20:00,16.260,16.290,16.230,16.250
2026-08-03 11:30:00,16.260,16.270,16.210,16.250
2026-08-03 13:10:00,16.250,16.370,16.200,16.260
2026-08-03 13:20:00,16.240,16.280,16.240,16.240
2026-08-03 13:30:00,16.250,16.270,16.210,16.250
2026-08-03 13:40:00,16.250,16.280,16.220,16.230
2026-08-03 13:50:00,16.230,16.290,16.220,16.270
2026-08-03 14:00:00,16.250,16.280,16.250,16.260
2026-08-03 14:10:00,16.260,16.280,16.240,16.280
2026-08-03 14:20:00,16.280,16.320,16.270,16.290
2026-08-03 14:30:00,16.300,16.330,16.290,16.310
2026-08-03 14:40:00,16.320,16.320,16.280,16.290
2026-08-03 14:50:00,16.280,16.300,16.280,16.290
2026-08-03 15:00:00,16.280,16.360,16.250,16.320
2026-08-04 09:40:00,16.430,16.500,16.290,16.390
2026-08-04 09:50:00,16.390,16.390,16.240,16.260
2026-08-04 10:00:00,16.260,16.300,16.090,16.140
2026-08-04 10:10:00,16.140,16.450,16.130,16.380
2026-08-04 10:20:00,16.390,16.590,16.390,16.420
2026-08-04 10:30:00,16.430,16.490,16.390,16.440
2026-08-04 10:40:00,16.450,16.450,16.300,16.320
2026-08-04 10:50:00,16.320,16.320,16.270,16.320
2026-08-04 11:00:00,16.320,16.400,16.310,16.370
2026-08-04 11:10:00,16.370,16.380,16.350,16.350
2026-08-04 11:20:00,16.360,16.420,16.360,16.410
2026-08-04 11:30:00,16.410,16.410,16.370,16.390
2026-08-04 13:10:00,16.390,16.450,16.300,16.330
2026-08-04 13:20:00,16.330,16.330,16.280,16.280
2026-08-04 13:30:00,16.280,16.300,16.280,16.290
2026-08-04 13:40:00,16.290,16.420,16.290,16.360
2026-08-04 13:50:00,16.370,16.460,16.350,16.430
2026-08-04 14:00:00,16.430,16.490,16.420,16.470
2026-08-04 14:10:00,16.460,16.930,16.420,16.710
2026-08-04 14:20:00,16.700,17.000,16.670,16.750
2026-08-04 14:30:00,16.750,16.820,16.710,16.720
2026-08-04 14:40:00,16.710,16.730,16.610,16.620
2026-08-04 14:50:00,16.620,16.630,16.570,16.610
2026-08-04 15:00:00,16.610,16.670,16.600,16.670
2026-08-05 09:40:00,16.600,16.670,16.430,16.600
2026-08-05 09:50:00,16.600,16.650,16.530,16.530
2026-08-05 10:00:00,16.540,16.570,16.480,16.550
2026-08-05 10:10:00,16.540,16.590,16.510,16.540
2026-08-05 10:20:00,16.540,16.740,16.530,16.730
2026-08-05 10:30:00,16.730,16.730,16.610,16.630
2026-08-05 10:40:00,16.630,16.630,16.530,16.550
2026-08-05 10:50:00,16.540,16.570,16.490,16.520
2026-08-05 11:00:00,16.520,16.550,16.510,16.520
2026-08-05 11:10:00,16.520,16.530,16.470,16.510
2026-08-05 11:20:00,16.510,16.570,16.510,16.560
2026-08-05 11:30:00,16.560,16.570,16.520,16.560
2026-08-05 13:10:00,16.560,16.570,16.520,16.540
2026-08-05 13:20:00,16.540,16.620,16.530,16.610
2026-08-05 13:30:00,16.610,16.610,16.520,16.530
2026-08-05 13:40:00,16.540,16.560,16.510,16.510
2026-08-05 13:50:00,16.520,16.530,16.490,16.520
2026-08-05 14:00:00,16.520,16.520,16.490,16.510
2026-08-05 14:10:00,16.510,16.510,16.400,16.440
2026-08-05 14:20:00,16.450,16.450,16.390,16.410
2026-08-05 14:30:00,16.400,16.430,16.390,16.430
2026-08-05 14:40:00,16.420,16.450,16.420,16.430
2026-08-05 14:50:00,16.440,16.490,16.430,16.460
2026-08-05 15:00:00,16.470,16.490,16.450,16.470
2026-08-06 09:40:00,16.300,16.620,16.230,16.540
2026-08-06 09:50:00,16.540,16.550,16.370,16.370
2026-08-06 10:00:00,16.380,16.400,16.230,16.240
2026-08-06 10:10:00,16.240,16.350,16.240,16.300
2026-08-06 10:20:00,16.310,16.330,16.250,16.270
2026-08-06 10:30:00,16.280,16.280,16.180,16.190
2026-08-06 10:40:00,16.180,16.250,16.170,16.170
2026-08-06 10:50:00,16.180,16.200,16.090,16.110
2026-08-06 11:00:00,16.110,16.130,16.090,16.100
2026-08-06 11:10:00,16.100,16.190,16.060,16.140
2026-08-06 11:20:00,16.150,16.190,16.100,16.110
2026-08-06 11:30:00,16.110,16.130,16.070,16.130
2026-08-06 13:10:00,16.120,16.140,16.080,16.100
2026-08-06 13:20:00,16.110,16.110,16.030,16.030
2026-08-06 13:30:00,16.050,16.060,15.980,16.000
2026-08-06 13:40:00,16.010,16.040,16.000,16.030
2026-08-06 13:50:00,16.020,16.090,16.010,16.080
2026-08-06 14:00:00,16.080,16.140,16.070,16.140
2026-08-06 14:10:00,16.130,16.140,16.040,16.070
2026-08-06 14:20:00,16.070,16.140,16.070,16.140
2026-08-06 14:30:00,16.140,16.150,16.100,16.110
2026-08-06 14:40:00,16.120,16.130,16.100,16.120
